,0
0,https://www.tripadvisor.com/Hotels-g303946-oa-0-Vung_Tau_Ba_Ria_Vung_Tau_Province-Hotels.html
1,https://www.tripadvisor.com/Hotels-g303946-oa-30-Vung_Tau_Ba_Ria_Vung_Tau_Province-Hotels.html
2,https://www.tripadvisor.com/Hotels-g303946-oa-60-Vung_Tau_Ba_Ria_Vung_Tau_Province-Hotels.html
3,https://www.tripadvisor.com/Hotels-g303946-oa-90-Vung_Tau_Ba_Ria_Vung_Tau_Province-Hotels.html
4,https://www.tripadvisor.com/Hotels-g303946-oa-120-Vung_Tau_Ba_Ria_Vung_Tau_Province-Hotels.html
5,https://www.tripadvisor.com/Hotels-g303946-oa-150-Vung_Tau_Ba_Ria_Vung_Tau_Province-Hotels.html
6,https://www.tripadvisor.com/Hotels-g303946-oa-180-Vung_Tau_Ba_Ria_Vung_Tau_Province-Hotels.html
7,https://www.tripadvisor.com/Hotels-g303946-oa-210-Vung_Tau_Ba_Ria_Vung_Tau_Province-Hotels.html
8,https://www.tripadvisor.com/Hotels-g303946-oa-240-Vung_Tau_Ba_Ria_Vung_Tau_Province-Hotels.html
9,https://www.tripadvisor.com/Hotels-g303946-oa-270-Vung_Tau_Ba_Ria_Vung_Tau_Province-Hotels.html
10,https://www.tripadvisor.com/Hotels-g303946-oa-300-Vung_Tau_Ba_Ria_Vung_Tau_Province-Hotels.html
11,https://www.tripadvisor.com/Hotels-g303946-oa-330-Vung_Tau_Ba_Ria_Vung_Tau_Province-Hotels.html
12,https://www.tripadvisor.com/Hotels-g303946-oa-360-Vung_Tau_Ba_Ria_Vung_Tau_Province-Hotels.html
13,https://www.tripadvisor.com/Hotels-g303946-oa-390-Vung_Tau_Ba_Ria_Vung_Tau_Province-Hotels.html
14,https://www.tripadvisor.com/Hotels-g303946-oa-420-Vung_Tau_Ba_Ria_Vung_Tau_Province-Hotels.html
15,https://www.tripadvisor.com/Hotels-g303946-oa-450-Vung_Tau_Ba_Ria_Vung_Tau_Province-Hotels.html
16,https://www.tripadvisor.com/Hotels-g303946-oa-480-Vung_Tau_Ba_Ria_Vung_Tau_Province-Hotels.html
17,https://www.tripadvisor.com/Hotels-g303946-oa-510-Vung_Tau_Ba_Ria_Vung_Tau_Province-Hotels.html
18,https://www.tripadvisor.com/Hotels-g303946-oa-540-Vung_Tau_Ba_Ria_Vung_Tau_Province-Hotels.html
19,https://www.tripadvisor.com/Hotels-g303946-oa-570-Vung_Tau_Ba_Ria_Vung_Tau_Province-Hotels.html
20,https://www.tripadvisor.com/Hotels-g303946-oa-600-Vung_Tau_Ba_Ria_Vung_Tau_Province-Hotels.html
21,https://www.tripadvisor.com/Hotels-g303946-oa-630-Vung_Tau_Ba_Ria_Vung_Tau_Province-Hotels.html
22,https://www.tripadvisor.com/Hotels-g303946-oa-660-Vung_Tau_Ba_Ria_Vung_Tau_Province-Hotels.html
23,https://www.tripadvisor.com/Hotels-g303946-oa-690-Vung_Tau_Ba_Ria_Vung_Tau_Province-Hotels.html
24,https://www.tripadvisor.com/Hotels-g303946-oa-720-Vung_Tau_Ba_Ria_Vung_Tau_Province-Hotels.html
25,https://www.tripadvisor.com/Hotels-g303946-oa-750-Vung_Tau_Ba_Ria_Vung_Tau_Province-Hotels.html
26,https://www.tripadvisor.com/Hotels-g303946-oa-780-Vung_Tau_Ba_Ria_Vung_Tau_Province-Hotels.html
27,https://www.tripadvisor.com/Hotels-g303946-oa-810-Vung_Tau_Ba_Ria_Vung_Tau_Province-Hotels.html
28,https://www.tripadvisor.com/Hotels-g303946-oa-840-Vung_Tau_Ba_Ria_Vung_Tau_Province-Hotels.html
29,https://www.tripadvisor.com/Hotels-g303946-oa-870-Vung_Tau_Ba_Ria_Vung_Tau_Province-Hotels.html
30,https://www.tripadvisor.com/Hotels-g303946-oa-900-Vung_Tau_Ba_Ria_Vung_Tau_Province-Hotels.html
31,https://www.tripadvisor.com/Hotels-g303946-oa-930-Vung_Tau_Ba_Ria_Vung_Tau_Province-Hotels.html
32,https://www.tripadvisor.com/Hotels-g303946-oa-960-Vung_Tau_Ba_Ria_Vung_Tau_Province-Hotels.html
33,https://www.tripadvisor.com/Hotels-g303946-oa-990-Vung_Tau_Ba_Ria_Vung_Tau_Province-Hotels.html
34,https://www.tripadvisor.com/Hotels-g303946-oa-1020-Vung_Tau_Ba_Ria_Vung_Tau_Province-Hotels.html
35,https://www.tripadvisor.com/Hotels-g303946-oa-1050-Vung_Tau_Ba_Ria_Vung_Tau_Province-Hotels.html
36,https://www.tripadvisor.com/Hotels-g303946-oa-1080-Vung_Tau_Ba_Ria_Vung_Tau_Province-Hotels.html
37,https://www.tripadvisor.com/Hotels-g303946-oa-1110-Vung_Tau_Ba_Ria_Vung_Tau_Province-Hotels.html
38,https://www.tripadvisor.com/Hotels-g303946-oa-1140-Vung_Tau_Ba_Ria_Vung_Tau_Province-Hotels.html
39,https://www.tripadvisor.com/Hotels-g303946-oa-1170-Vung_Tau_Ba_Ria_Vung_Tau_Province-Hotels.html
40,https://www.tripadvisor.com/Hotels-g303946-oa-1200-Vung_Tau_Ba_Ria_Vung_Tau_Province-Hotels.html
41,https://www.tripadvisor.com/Hotels-g303946-oa-1230-Vung_Tau_Ba_Ria_Vung_Tau_Province-Hotels.html
